,Название,Описание,Место
0,Семейка Аддамс,"Мюзикл, основанный на персонажах Чарльза Аддамса — той самой семейке, которой он дал свою фамилию. Изначально эти странные персонажи появились в журнале The New Yorker в 1938 году.

«Семейка Аддамс» известна и любима публикой по прекрасным экранизациям и конечно нашумевшему бродвейскому мюзиклу, побившему все рекорды. Успех этого мюзикла, безусловно, в самой истории — сумасшедшая семейка Аддамс не может не полюбиться! Папа Аддамс любит долгие прогулки в ненастную погоду. Мама Аддамс считает, что чёрный цвет самый яркий. У детей, Венсдей и Пагсли Аддамсов, кладбище — любимая площадка для игр. Бабушка выпивает пару капель яда перед сном. Вы всё ещё думаете, что ваши родственники странные? Знакомьтесь — семейка Аддамс! И несмотря на свои образы — очень дружная семья. Они с удовольствием шутят, постоянно разыгрывают друг друга, и, кроме того, обладают некоторыми сверхъестественными способностями. Не семья, а просто праздник какой-то! Однако даже в этой очень дружной семейке Аддамс есть свои проблемы и скелеты в шкафу...

Сюжет мюзикла строится вокруг нового увлечения дочери Аддамсов. Венсдей влюбляется в «нормального» молодого человека Лукаса Байнеке, и они хотят устроить «обычный» ужин, чтобы познакомить своих родителей.",Тюменский драматический театр
1,ДиДюЛя,"ДиДюЛя отправляется в большой тур с новой концертной программой «Голос сфер». ДиДюЛя — композитор и лидер одноимённой группы, которая играет музыку в стилевом диапазоне от нео-фламенко до рока и фолка.

В рамках новой концертной программы музыканты исполнят абсолютно новые произведения, а также лучшие композиции, которые уже стали настоящей классикой инструментальной музыки. Многообразие музыкальных инструментов, стилей и техник игры, живой звук, потрясающий свет, уникально срежиссированный для каждой композиции, поможет каждому зрителю погрузиться в магию волшебных мелодий Маэстро и достичь музыкального Дзена. На концерте со сцены не звучит ни единого слова, так как язык инструментальной музыки понятен абсолюты всем!

«Голос сфер» — это не просто концерт, это — настоящее музыкальное путешествие по странам и континентам, планетам и галактикам, которое оставит незабываемые впечатления у каждого зрителя.",Дворец культуры «Нефтяник»
3,Илья Соболев,"Илья Соболев, один из самых популярных и оригинальных комиков, актёр и ведущий множества популярных проектов, приглашает вас на свой новый стендап-концерт!

В этом концерте Илья объединит невероятные перформансы, абсурдные шутки и экспрессивную шоу-программу. Темы близки каждому, но с подачей Ильи они раскроются совершенно по-новому — всё будет приправлено разрывной импровизацией, сумасшедшими отыгрышами и уникальным юмором.",ДК «Железнодорожник»
4,Эпидемия,"Группа «Эпидемия» представит зрителям большую юбилейную постановку «Эльфийская рукопись: сокровище Энии»!

«Сокровище Энии» — третья часть легендарной музыкальной фэнтези-саги, продолжающая сюжет классической «Эльфийской рукописи» о похождениях всеми любимых героев в уже знакомых сказочных мирах Энии и Ксентарона. В этом году пластинка отмечает свое 10-летие, в честь которого «Эпидемия» подготовила эффектную костюмированную сценическую адаптацию этого концептуального альбома.

Всех пришедших ожидает шоу в лучших традициях классических постановок «Эльфийской рукописи» — группа привезет восемь звездных вокалистов и еще больше сценических боев и световых и видеоинсталляций!

По уже доброй традиции концерт не обойдется без второго отделения — полноценного хит-блока из всех основных боевиков и лирических песен группы, в рамках которого «Эпидемия» исполнит лучшее из своих альбомов и других частей сказочной саги.

До встречи на самом красочном и масштабном шоу!",Дворец культуры «Нефтяник»
5,Concord Orchestra. Симфонические рок-хиты «Человек будущего»,"Первый в мире танцующий симфонический оркестр Concord Orchestra представляет шоу «Симфонические рок-хиты» Concord Orchestra «Человек будущего». Вы услышите самые лучшие композиции легендарных мировых рок-групп: Metallica, Linkin Park, Nightwish, Muse, Queen, Evanescence, Depeche Mode, A-ha, Europe, The Rasmus, U2, Imagine Dragons и другие. Современные оркестровые аранжировки одновременно окунут вас в ностальгию, унесут в будущее и позволят оказаться на всех рок-концертах любимых групп одновременно!

Шоу «Симфонические рок-хиты» — это больше, чем концерт! Это путешествие по галактике рок-музыки, огненная атмосфера, создаваемая танцующим симфоническим оркестром под мощные барабаны, взрывные гитары и вибрирующие струны скрипок и виолончелей. Это красочное интерактивное шоу с невероятными костюмами, волшебной игрой света, гипнотическим видеорядом премьера которого состоялась в 2021. Шоу с большим успехом посмотрели более 100 000 зрителей.

Отличительная уникальная особенность оркестра:
— музыканты не сидят на стульях, они танцуют со своими инструментами, импровизируют и создают драйв на сцене.
— симфонический оркестр исполняет все композиции на память и без пюпитров.
— световые эффекты и уникальные видео-инсталляции создают атмосферу и делают шоу фантастически ярким.

Зрители шоу станут его участниками — любой человек в зале сможет в реальном времени проголосовать на сайте оркестра concordorchestra.ru и повлиять на финал рок-шоу. Приходи на шоу «Симфонические рок-хиты» Concord Orchestra «Человек будущего».",Дворец культуры «Нефтяник»
6,Оркестр CAGMO. Саундтреки Ханса Циммера при свечах,"CAGMO представляет концертную программу по мотивам саундтреков самого знаменитого голливудского композитора — «Саундтреки Ханса Циммера при свечах».

С уникальным творчеством Ханса Циммера знаком каждый. Совместная работа с великими режиссёрами, такими как Кристофер Нолан, Ридли Скотт, Гай Ричи и многими другими, позволила композитору создать музыкальные киномиры, покорившие как поклонников кинематографа, так и любителей отличной музыки.

В исполнении струнного оркестра CAGMO прозвучат лучшие саундтреки композитора. Оригинальное звучание композиций, подчёркивающее авторский стиль Ханса Циммера, передаст атмосферу любимых фильмов. Новое прочтение легендарной музыки позволит заново прочувствовать впечатления и эмоции от просмотра эпических кинокартин.

Концертная программа «Саундтреки Ханса Циммера при свечах» объединила в себе захватывающие мелодии из популярных анимационных фильмов и культовых кинокартин, таких как: «Интерстеллар», «Дюна», «Король Лев», «Пираты Карибского моря», «Кунг-фу Панда», «Начало», «Код да Винчи: Ангелы и Демоны», «Звонок», «Шерлок Холмс», «Гладиатор».",Дворец культуры «Нефтяник»
7,Палата бизнес-класса,"Кризис, эпидемия и холод вгоняют в тоску и хворь? Предлагаем самый мощный антидепрессант — билет на новую комедию-фарс «Палата бизнес-класса» от драматурга Александра Коровкина, автора сценария к популярным телесериалам «Марш Турецкого», «Бедная Настя» и других. Два часа заразительного хохота и полное удовлетворение от торжества справедливости — этого так не хватает нам в повседневной жизни! Не пейте таблетки, покупайте билеты на спектакль! Блистательная игра звезд сатирического жанра, неожиданные повороты сюжета и весьма реалистичные персонажи делают поход на спектакль отличным подарком для всех категорий зрителей.

Обстоятельства сталкивают в больничной палате прожженного коммерсанта после пикантной операции и заслуженного артиста-пенсионера. Бизнесмен не может смириться с вынужденной изоляцией накануне крупной сделки, и провернет ее несмотря на все препятствия. Успешно спрячет любовницу от жены в кровати соседа, вытолкнет мужа любовницы из окна, сделает еще массу безумных поступков и будет изощренно лгать налево и направо! В итоге — полный хеппи-энд и переосмысление настоящих ценностей всеми героями действа!

В составе исполнителей возможны изменения без дополнительного уведомления.",Дворец культуры «Нефтяник»
8,Девочка и слон,"Шоу слонов Андрея Дементьева-Корнилова «Девочка и слон»

Это сказочный, театрализованный спектакль с участием гигантов суши для детей и взрослых по мотивам рассказа Александра Куприна «Слон». Первая в истории коллаборация цирка и театра.Тонны декораций, необычные спецэффекты, единая сюжетная линия, дизайнерские костюмы и артисты мирового уровня.Вас ждут легендарные слоны династии Корниловых, которые участвовали в многочисленных съемках советского и российского кино, объездили весь мир и теперь будут радовать Кировского зрителя своими трюками, занесенными в книгу рекордов.

В спектакле:
— индийские слоны;
— животные джунглей, спрятанные у девочки в комнате;
— пума, лама, крокодил, верблюды, питоны, пони;
— живые подушки и летающие кровати;
— огромный театр теней;
— страна сладостей;
— гигантские ложки, чашки, тарелки;
— заколдованные лошади;
— клоны, притворившиеся девочкой;
— акробаты;
— воздушные гимнасты;
— барабанщики;
— живая музыка;
— собаки-волшебники и, конечно же, веселый и добрый клоун.

А на десерт мы подготовили для Вас чаепитие со слонами!

Многотонные артистки большую часть времени работают на арене без дрессировщика! Они сами делают трюки и запоминают ход спектакля. Уникальная постановка «Девочка и слон» заставит зрителя по-новому взглянуть на современный цирк.

Главный режиссёр и хореографы обладатели театральной премии «Золотая Маска».

Режиссёр постановщик: детский режиссер-сказочник.

Художественный руководитель: Народная артистка России — Таисия Корнилова.

Дрессировщик слонов: заслуженный артист России, многократный победитель международных фестивалей, а также основатель единственного в России «Парка слонов» в Сочи — Андрей Дементьев-Корнилов.

Окунитесь в загадочный мир чудес и сказок!

Дети младше 3 лет могут посетить представление бесплатно при следующих условиях:
— при наличии документа, подтверждающего возраст ребенка (свидетельство о рождении ребенка или запись в паспорте родителя);
— в сопровождении взрослого с билетом;
— с одним взрослым может прийти только один ребенок;
— без предоставления отдельного места.

На детей с 3 лет приобретается полный билет!",Цирк
9,Любовь и голуби,"Всенародно любимая комедия и всенародно любимые актёры в спектакле по пьесе В. Гуркина «Любовь и голуби».

Лиричную, трогательную и невероятно смешную историю любви, измены и прощения вы увидите в исполнении трёх поколений «звёзд» российского театра и кино, от легендарных актёров, любимых с детства, до новых, ярких восходящих «звёзд» (сериалы «Молодёжка» и «Вечный отпуск»). Актёры не только сыграют, но и споют, т.к. история у нас ещё и музыкальная.

Милые комедии из далёкого уже прошлого нужны людям и в наше время. И это правильно. Когда вокруг так много грустного, серого, обыденного, иногда жизненно необходимо на 2 часа окунуться в безвременье, где любовь побеждает мимолётные увлечения. Именно поэтому душевный разговор в музыкальной комедии «Любовь и голуби» Василия Кузякина, Раисы Захаровны, Надежды, дяди Мити и бабы Шуры на сцене — мы предлагаем дорогим зрителям.

Владимир Гуркин сделал всем нам бесценный подарок! Его персонажи учат жить с любовью, не прибегая к нравоучениям и нотациям, с помощью простых, деревенских людей. Через улыбку мы становимся сильными, учась защищать своих любимых, через улыбку учимся прощать самые болезненные предательства, через улыбку верить — любовь ждёт каждого. Эта комедия воспитала наших родителей, нас самих, теперь она ждёт наших детей…

Не стоит раскрывать всех секретов, но песня, особая высшая ступень выражения чувств, вырывается у нас лишь в особенные моменты жизнь. Когда сил нет слово вымолвить, душа рождает музыку.

Дорогие наши друзья, ждём вас на лирической музыкальной комедии В. Гуркина «Любовь и голуби»!

В составе исполнителей возможны изменения без дополнительного уведомления.",Дворец культуры «Нефтяник»
10,Калинов мост,"«Калинов мост» — это группа, родом из Новосибирска. На российской эстраде они первыми стали исполнять песни и играть музыку в стиле фолк-рок. Музыка группы в целом весьма оригинальна и представляет собой смесь рока, мифологических сказаний, а также народных мотивов.

На концерте вы услышите множество популярных песен, а также новые мелодии.

Эта группа отличается от других представителей русского рока хотя бы манерой исполнения. Не пропустите лучшее выступление группы за всю историю их творческого пути, спешите купить билеты на концерт.",ДК «Железнодорожник»
11,Todes. Инзэнайт,"«Инзэнайт»: Почему это стоит увидеть.

Новая яркая постановка Театра Аллы Духовой Todes — спектакль «Инзэнайт».

На этот раз Алла Духова предложила зрителю окунуться в мир подлинных шедевров. Картины великих художников с помощью танца оживают прямо на глазах изумленной публики. Завораживающе, искрометно, идеально до мельчайших движений — так, как это умеют только Todes.

И вот вихрь батманов Эдгара Дега и трепетная история Тристана и Изольды сменяется яркими красками Энди Уорхола — и дюжина Элвисов в искрящихся костюмах отжигают рок-н-ролл, а следом оживают яркие, эмоциональные и темпераментные шедевры Филиппа Малявина. Под музыку, написанную специально к спектаклю композитором Денисом Гарнизовым, усидеть и вправду очень сложно.

В двух актах Алла Духова собрала все разнообразие танцевальных жанров — от классического балета, поражающего своей пластикой, до зажигательной румбы, веселого канкана и русской хороводной. А это больше двадцати номеров — нежных и страстных, озорных и ироничных, отточенных не только до мельчайших движений, но и до последней стразы на костюмах артистов. Их автор — Любовь Белочкина, в прошлом солистка балета, а ныне дизайнер костюмов театральных постановок. Костюмы, созданные ею, всегда идеально дополняют яркие образы балета Todes, и спектакль «Инзенайт» не стал исключением.",Дворец культуры «Нефтяник»
12,Ярослав Сумишевский,"Ярослав Сумишевский — артист, которого выбрал народ.

Один из самых ярких и востребованных исполнителей, народный певец и любимец публики, представляет свою новую программу «Рядом с тобой».

Артист исполнит проверенные хиты из своего репертуара, а также новые композиции; поделится музыкальной историей своего длинного, сложного и яркого творческого пути. Его путь к успеху был непростым, но ярким: на сегодняшний день Ярослав — востребованный исполнитель, которого часто называют «народным артистом интернета».

Вот что говорит Ярослав:
«Я назвал новую концертную программу «Рядом с тобой» не просто так: мне крайне важно быть рядом с вами, мои зрители. Я всю жизнь шел к своей мечте стать большим артистом, музыкантом, стоять на большой сцене, дарить людям минуты радости.
Моя мечта сбылась — каждый день я пою для вас, любимые зрители. Я чувствую вашу любовь, ваше тепло и поддержку. Вы дарите мне энергию для новых достижений. Быть рядом с вами — для меня огромная честь и великое счастье».

Секрет успеха Ярослава Сумишевского — в уникальном голосе, несомненном таланте, невероятном профессионализме и искренней любви к своим зрителям. Каждый концерт Ярослава Сумишевского — это атмосферный вечер, наполненный музыкой, песнями, качественным звуком и выверенным светом. Уникальный голос, проникновенное исполнение, лирические тексты и живой вокал — неотъемлемые акценты его выступлений.

Подарите себе незабываемые впечатления от посещения концерта любимого исполнителя!
Читать полностью",Филармония
13,Мураками,"Любимые песни, главные хиты и неизменно только хорошее — рок-группа «Мураками» отправляется в большой тур с программой «Я буду петь».

Диляра Вагапова, солистка «Мураками»: Мы готовим новый тур, и я уже чувствую этот драйв. Гитарные рифы, мощный рок-н-ролл — всё то, что вы любите и ждёте. Я в предвкушении, адреналин зашкаливает!

2024 год для группы стал особенным — в начале года «Мураками» выпустили альбом The Best с главными хитами в новых аранжировках, приуроченный к 20-летию команды, в рамках большого тура выступили в более чем 50 городах, выпустили Live-альбом и два сингла «Гулять» и «Легенда». И в завершение — с успехом отыграли большие концерты с казанским оркестром La Primavera в Казани и в столичном концертном зале «Москва».

Все их песни о любви, они постоянно меняются и удивляют своих поклонников. Более тяжёлым звучанием или лирическими балладами, новым образом солистки коллектива Диляры Вагаповой или внезапной игрой на клавишах бас-гитариста Ильдара Субаева. Одно неизменно — это послевкусие, с которым зритель остаётся после концерта.

Невероятная энергетика, улыбки и добрые эмоции, а ещё большой профессионализм и безграничная любовь к поклонникам — споём вместе с «Мураками»!",Максимилианс
14,Цинк уродов,Самый масштабный тур «Цинка» наконец-то в твоём городе. Не вафли — бери билет.,Дом печати
15,Гала-концерт фестиваля «Зимний бардовский»,"Гала-концерт 20-го юбилейного фестиваля авторской песни им. Н. Старченкова.

В концерте принимают участие авторы-исполнители: Анатолий Киреев (Челябинск), Наталья Нелюбова (Томск), Ирина Бархатова, Музыкальная студия «Интервал», Марина Дмитриева, Бард-Бэнд «Те самые», Сергей Мячиков. А также лауреаты и дипломанты фестиваля со всей России.",Дворец культуры «Нефтяник»
18,Цветаева. (Не)любовь,"Музыкально-поэтический вечер «Цветаева. (Не)любовь».

Как любят поэты?
Поэты с таким громадным даром, как у Марины Цветаевой.
Что для них любовь?
Или это не любовь вовсе?
Может, это что-то другое.
Знаменитое Цветаевское «не» –
«…больны не мной…
…негулянье под луной…
…солнце не у нас над головами…»
И не-любовь.
Послушаем… Почувствуем…

Поэзия и проза Марины Цветаевой, камерная музыка русских и зарубежных композиторов.

Исполнители:
Кристина Тихонова – актриса Тюменского БДТ (чтец)
Фаузия Тажина – главный дирижер оркестра «Камерата Сибири» (скрипка)
Артисты оркестра «Камерата Сибири»:
Светлана Пустовалова (скрипка)
Елена Сирина (альт)
Наталья Вышенская (виолончель)

Продолжительность: 1 час 10 минут.",Тюменский драматический театр
19,Джаз замечательных людей. Луи Армстронг,"Джазовый вечер с мужским вокалом!

Вечер популярного джаза и джазовых историй из цикла «Джаз замечательных людей» с Андреем Иноземцевым.

Формат необычный — это рассказ с живыми музыкальными иллюстрациями, это микс радиоэфира, клубного концерта и дружеской встречи. Джазовые истории «Джаз замечательных людей» — уникальный проект.

Вы услышите любимые хиты и мало-известные песни, а местами даже сможете подпевать! И снова будете смеяться и иногда даже плакать... Это истории и песни героев концертов-историй. И это не просто джазовый концерт, это моноспектакль, настоящая интерактивная история в классических традициях прошлых лет, где вы — на расстоянии вытянутой руки до артистов, а иногда их даже можно будет потрогать! Это камерные программы, Арт-кафе ТБДТ для которых просто идеальное место.

Рассказчик и крунер — Андрей Иноземцев, джазовый исполнитель, радиоведущий, переводчик и художественный руководитель ДК им. Октябрьской революции в Новосибирске — того самого, в котором во время войны работали Леонид Осипович Утесов и его оркестр. За роялем — известный пианист из Новосибирска, солист новосибирской филармонии, пианист-виртуоз Дмитрий Карпов.

Программа:
«Этот прекрасный мир или Счастье старины Луи»

Так ли прекрасен был мир Луи Армстронга, как он пел в своей знаменитой песне? Через какие перипетии судьбы прошел мэтр джаза? Как, несмотря на перенесенные тяготы в детстве и трудности в юношеском возрасте, Луи Армстронг стал самым значимым для джазовой культуры музыкантом? Как ему жилось со страстью к джазовой музыке, пению и игре на трубе в мире, который и жарко принимал, и в то же время отторгал его? Об этом — в истории-моноспектакле с живыми музыкальными иллюстрациями.

В цикле Андрея Иноземцева «Джаз замечательных людей» проходят следующие программы:
«Четыре мэтра XX века»;
«Битлз: чего стоит быть популярнее Иисуса Христа»;
«Истории о Леониде Утесове, или Почему Ледя Вайсбейн так и не стал акробатом»;
«Фрэнк из Хобокена. Истории о Синатре»;
«Этот прекрасный мир или Счастье старины Луи»;
«Новогодний джаз».

Вниммание!

1. Приходите на мероприятие заранее, чтобы успеть сделать заказ напитков и закусок до начала концерта или спектакля. Двери сцены открываются за час до начала.

2. В стоимость билета не входит еда и напитки. Блюда и напитки вы сможете заказать до мероприятия и оплатить отдельно. Приходить со своими напитками и едой запрещено.

3. Приветствуется вечерний нарядный стиль в одежде. Вход рядом с Малым залом Тюменского БДТ. Ждём вас!",Тюменский драматический театр
20,Даниил Могутов. Записки учителя,"Тёплый, душевный вечер нового актёра Тюменского драматического театра Даниила Могутова с авторскими песнями, стихами и рассказами о его опыте работы в школе учителем музыки.

Это трогательная и невероятная история о том, как выжить в школьной системе образования и при этом завоевать любовь детей. На этом пути много творчества и смекалки, где-то нужно слушать советы детей, где-то ругаться на них, а где-то менять себя самого. Эта встреча подарит вам педагогические лайфхаки, как увлечь ребёнка музыкой, оставит ощущение счастья и напомнит о стране под названием «Детство», которая есть в каждом из нас.

Двери сцены открываются за 1 час до начала концерта.

Приветствуется вечерний нарядный стиль в одежде.",Тюменский драматический театр
22,Dругой ветер,"Яркие представители новой волны альтернативного рока с долгожданным концертом. Лучшие песни и презентация нового сингла «Мотыльки».

На счету коллектива «Dругой ветер» участие в крупных фестивалях, ротация на «Нашем Радио» и премия «Чартова дюжина 2023». Творчество команды отличает умение видеть обратную сторону шаблонного мира и открытый рассказ о том, о чём обычно принято молчать.",Цоколь
23,Neo Classic Orchestra. Оркестр и 1000 свечей «Любовь»,"Neo Classic Orchestra представляет: специальная программа ко дню всех влюбленных в мерцании 1000 свечей.

Самый романтический подарок для ваших любимых и близких людей!

Вас ждет очаровательное путешествие по миру романтической музыки:
— Итальянского гения Людовико Эйнауди
— Великого композитора современности Ханса Циммера, Макса Рихтера
— Волшебной музыки из миров Миядзаки
— Адель, Уитни Хьюстон, Квин, саундтреки из мюзикла «Ла-ла-ленд» и многое другое.

Наш концерт — это незабываемое визуальное наслаждение в романтической атмосфере 1000 свечей под любимые хиты в исполнении оркестра. Погрузитесь в мир музыки и любви!

Людовико Эйнауди — популярный итальянский композитор. В творчестве художник по-своему интерпретирует мировую музыкальную культуру, объединяя в произведениях классику, эмбиент, а также этнические и народные мотивы.

Ханс Циммер — главный создатель саундтреков в Голливуде. Он не просто пишет музыку, он создает всю атмосферу фильма, наполняя киноленту удивительными музыкальными мотивами и звуками. А миры Миядзаки не нуждаются в своем представлении! Эти мультфильмы обожает каждый!

Neo Classic Orchestra — коллектив профессиональных музыкантов, имеющий постоянный состав и активно гастролирующий по всей России. Своей миссией они видят популяризацию современной классической музыки наряду с качественным развитием жанра. В состав входят виртуозные музыканты с высоким уровнем владения инструментом, выпускники лучших консерваторий страны, лауреаты всероссийских и международных конкурсов, которых отличают музыкальная чуткость и всепоглощающая страсть к музыке.",Дворец культуры «Нефтяник»
24,Новогодняя оттепель,"Предыдущие два квартирника с артистами ТБДТ прошли с огромным успехом! Новый проект приурочен к новому году и будет проходить с настроением новогодних огоньков, что проходили на советском телевидении.

Вас ждут проверенные временем и любимые хиты в исполнении актёров Тюменского БДТ и музыкантов группы «Слушать подано»!

Два часа с половиной драйва и неподдельных эмоций.

В стоимость билета не входит еда и напитки.
Приветствуется вечерний нарядный стиль в одежде.",Тюменский драматический театр
25,Цу е фа,"Готов провести день с Женей Лизогубом, Миланой Некрасовой, Давидом Туровым и Лерой Симкой? А зажечь под «Девочку Уэнсдей» и оторваться под «Эщ Эщ»? Тогда мы ждём именно тебя!",Золотые ворота Сибири
26,Рок и симфонический оркестр,"Денис Шаповалов окончил Московскую консерваторию им. П.И. Чайковского в 2008 году. Победитель XI Международного конкурса им. П.И. Чайковского.

С 2001 по 2012 год преподавал в Московской консерватории. С 2004 по 2006 год стажировался на кафедре оперно-симфонического дирижирования консерватории. С 2005-го сотрудничает с различными оркестрами в России и за рубежом. Выступал в Большом зале Московской консерватории (Москва), Большом зале Санкт-Петербургской филармонии, Королевском фестиваль-холле в Лондоне, Барбикан-центре, Филармонии Мюнхена, амстердамском Концертгебау, Vaduzerzaal (Лихтенштейн), Сантори-холле (Токио), Эвери-Фишер-холле (Нью-Йорк); на международных фестивалях в Литве, Германии, Италии, Франции, Финляндии, Бразилии, Японии, Китае. В 2000 дебютировал в США на Всемирном конгрессе виолончелистов, а в 2001 году стал победителем Виртуального музыкального конкурса (Нью-Йорк, США).

Сотрудничал с известными дирижерами, в числе которых М. Ростропович, В. Спиваков, В. Федосеев, Ю. Башмет, Л. Маазель, Ю.-П. Сарасте, Й. Леви, Т. Зандерлинг; играл в ансамбле с Р. Щедриным, В. Репиным, Н. Цнайдером, А. Любимовым, А. Гиндиным. Среди коллективов, с которыми выступал музыкант, – Государственный академический симфонический оркестр, «Виртуозы Москвы», «Солисты Москвы», Академический симфонический оркестр Санкт-Петербургской филармонии, Лондонский симфонический и филармонический оркестры, оркестр Баварского радио, оркестр Токио Метрополитэн, оркестр Нидерландской филармонии, Литовский симфонический и Камерный оркестры.

Концерты виолончелиста регулярно записываются и транслируются музыкальными радио и телеканалами ГТРК «Культура», Bayerische Rundfunk, Radio France, Mezzo, Cenqueime, Bayern Klassik, Das Erste ARD.

В 2016 года обратился к композиторскому творчеству, за 2 года представив ряд премьерных сочинений в России и на европейских фестивалях, в том числе «Итальянскую сюиту» для виолончели соло, Концерт-Фантазию ""Rencontres Musicales"" для виолончели с оркестром, «Рок-вариации на тему Рококо П.Чайковского» для электро-виолончели с оркестром.

Исполнители:
Тюменский филармонический оркестр.
Художественный руководитель и главный дирижёр – Юрий Медяник.
Солист – Денис Шаповалов (виолончель).",Филармония
27,Mafia и любовь,"Проведите особенный вечер с любимыми в атмосфере роскоши и романтики!

Вас ждёт изысканный итальянский гастроужин, живая музыка от группы «Синтеза», яркий ведущий Гера Адамян и шикарные фотозоны.",Marshal Grand Hall
28,Цехъ поэтовъ,"Рассказать о поэтах начала 20 века, так чтобы это было интересно подросткам и молодежи века 21 — легко. Соединяем современную электронную музыку с текстами авторов и дарим хорошо знакомым стихотворениям современное звучание. Цехъ поэтовъ — название нескольких поэтических объединений, существовавших в начале XX века.

Исследуем время серебряного века через призму творчества поэтов, которые в нем жили. Жанр — игровая лекция.
Цель — показать историю больших личностей в коротком промежутке времени с помощью стихотворений, дневниковых записей, писем. Через современную музыку выстраивается диалог, где ныне живущие говорят с теми, кто как-то осмыслял себя и окружающий мир через слово.

Это даст возможность зрителям на полтора часа погрузиться в пространство серебряного века и услышать то время.

Для написания песен вдохновлялись текстами великих поэтов XX века: Анна Ахматова, Николай Гумилёв, Велимир Хлебников, Осип Мандельштам, Алексей Крученых, Марина Цветаева, Николай Оцуп, Александр Блок.",Тюменский драматический театр
30,Fortuna812 и Юпи,В рамках 812 Tour Юпи и Fortuna812 выступят со своим сольным концертом. Все хиты+презентация нового альбома. Это Юпи и Fortuna и мы едем в город твой.,в 2 местах
32,Варвара Кутузова,"Исполнитель:
Лауреат международных конкурсов Варвара Кутузова — фортепиано.

В программе:
Мусоргский — «Картинки с выставки»;
Сочинения Рахманинова.",Филармония
33,Дима Сокол,"Дима Сокол — лидер и автор песен панк-рок-группы «Йорш» — едет в большой акустический тур.

Вы услышите не только давно любимые песни, которым подпевают тысячные залы по всей стране и которые звучат на главных сценах крупнейших фестивалей, но и совсем новые ещё неизданные композиции. И всё это в атмосфере квартирника, на расстоянии вытянутой руки, как если бы концерт проходил у вас на кухне. Также вы сможете примерить и приобрести фирменный мерч Wall of Death, представленный сейчас исключительно онлайн, а также сборники стихов Димы, выпущенные ограниченным тиражом.

Дима Сокол уже в вашем городе! Только акустика, только панк-рок. Не пропустите!",Harat’s Pub
34,Группа «Лаборатория». Фантастические существа,"Цикл камерных концертов с участием группы «Лаборатория» — артистов Тюменского филармонического оркестра.

Автор и ведущая — Ксения Стацура.

Музыка — искусство временное, чтобы понять, что заложено в звуках, нужно вслушаться и собрать полную картину. Музыка работает с человеческим воображением и жизненным опытом, поэтому в звуках — для каждого своя бездна. Порой в этой бездне возникают фантастические существа, которые причудливо отражают реальность, становясь символами и медиумами. Именно такой музыке и посвящён вечер — в Органном зале в звуках оживут Черномор, загадочная Банши, будут петь голоса сирен и пролетит «Золотой петушок».

Программа:
Изаи — Соната Соната № 2;
Кауэл — «Банши»;
Лист-Глинка — «Марш Черномора»;
Цимбалист — «Фантазия на темы из оперы «Золотой петушок»;
Дебюсси — «Сиринкс»;
Цёсь — «Бай».

Исполнители:
Ольга Узингина — скрипка;
Станислав Хуланхов — фортепиано;
Арина Мельник — флейта;
Андрей Сергиенко — альт;
Татьяна Схабицкая — скрипка;
Анна Попова — виолончель;
София Сафронова — кларнет.",Филармония
36,Отта. Новое и лучшее,"Отта Шоу – это феномен российской инструментальной музыки, уникальное явление на российской музыкальной сцене, не имеющее аналогов в России. Сочетая в себе мощь симфонического звучания, игривость поп-музыки и глубину инди-рока, коллектив создает неповторимую атмосферу, которая захватывает сердца слушателей по всему миру. В их звучании переплетаются новые и классические жанры, рождая уникальную смесь симфо-попа, инди-рока, электроники и фолка.

Неповторимый стиль группы «Отта» отличает невероятная оригинальность. В творчестве сочетается энергия рока, нежность симфонического звучания, легкость поп-музыки и глубина фолка. Все это создает неповторимое звучание в стиле World Music, которое притягивает слушателя и заставляет его двигаться в такт.

С момента основания группа «Отта» прошла яркий путь творческого развития, завоевав признание как в России, так и за рубежом. Их концерты – это настоящие шоу, полные энергии, драматизма, красоты и уникальной харизмы. Группа гастролировала в Китае, Италии и по всей России, от Калининграда до Камчатки.

Группа «Отта» не боится экспериментировать. Ли Отта создает уникальные музыкальные аранжировки, которые делают каждую композицию особенной и неповторимой. А вирусный хит «Royal Safari» стал настоящим прорывом для группы. Клип набрал более 45 миллионов просмотров на YouTube, а трек стал популярным трендом в TikTok. Альбомы группы можно найти на всех ведущих цифровых площадках, что свидетельствует о большой популярности группы.

В составе группы «Отта» – яркие и талантливые девушки, играющие на различных музыкальных инструментах: скрипки и клавишные, барабаны и перкуссия, гитара и аккордеон, белорусские цимбалы и индийский ситар, китайская хулуси – все эти инструменты представлены в концертном шоу словно герои музыкального театра!

Отта Шоу – это не просто концерт, это настоящее путешествие в мир инструментальной музыки.",ДК «Железнодорожник»
37,Комиссар,"«Комиссар» — отечественная поп-группа, которая постоянно звучала на различных дискотеках в танцевальных клубах на огромнейших просторах нашей страны. Легенды 90-х, именно так называют группу и ее бессменного солиста Алексея Щукина.

Стиль группы «Комиссар»: хорошая, стильная, танцевальная музыка всех времен и народов. Хиты группы: «Ты уйдешь», «Дрянь», «Королева снежная», «Ты вернёшься» и другие.",Максимилианс
38,Lalaband и Анастасия Русанова,"«Тёплый концерт». Любимое. Уютное. Чувственное.

Друзья, соскучились по весне и теплу?
В таком случае мы хотим пригласить вас на самый уютный и чувственный концерт от наших резидентов — Анастасии Русановой и коллектива LaLaBand!

Успевайте попасть на это эксклюзивное выступление, ведь Анастасия специально прилетит прямиком из Москвы, чтобы согреть ваши души, сердца и уши!

В программе прозвучат самые проникновенные и любимые песни в лаундж, ретро, латино и джазовом форматах!

Исполнители:
Анастасия Русанова — вокал (Москва);
Антон Дерябин — гитара;
Антон Карабут — бас;
Иван Лёшин — барабаны.",Тюменский драматический театр
39,Камерата Сибири. Concerto Grosso,"Исполнители:
Оркестр «Камерата Сибири»;
Художественный руководитель и главный дирижёр — Фаузия Тажина.

В программе:
Concerto Grosso (Большой концерт для оркестра). Прозвучат оркестровые сочинения Баха, Генделя, Вивальди.",Филармония
40,Red Satchel,"Группа Red Satchel существует с 2019 года. В репертуаре группы песни в стиле рок, блюз-рок, рок-н-ролл, исполняются кавер-версии на песни таких исполнителей, как Ванеса Хербек (Vanesa Harbek), Бонни Рэйт (Bonnie Raitt), Сюзен Сантос (Susan Santos), Дженис Джоплин (Janis Joplin) и других. Мощный женский вокал, рёв электрогитары и губная гармошка — то, что заставляет гостей возвращаться на концерты Red Satchel.

Исполнители:
Вокал — Александра Рейн;
Соло гитара — Андрей Созонов;
Бас гитара — Евгений Ряполов;
Ударные — Дмитрий Боровков;
Губная гармоника — Алексей Багичев;
Клавиши — Александр Паращук.

Солистка группы Red Satchel Александра Рейн закончила вокальное отделение Уральской государственной консерватории, дважды была лауреатом Премии губернатора Свердловской области за вклад в развитие искусства, с 2020 года является солисткой Екатерининского оркестра. В составе хулиганской группы Red Satchel, Александра сияет яркой звездой, благодаря своей харизме и мощной энергетике. Музыканты группы также активно участвуют в других музыкальных проектах города Екатеринбурга.

Группа Red Satchel успешно выступает в джаз-клубе Ever Jazz, также концерты проходили на таких площадках как Ben Hall, ProRock бар, Бар Button, Pils Live Bar, Rudolph’s Bar, и также на некоторых площадках в городах Свердловской области. Летом 2024 года группа Red Satchel принимала участие в фестивалях «Движение» и Ural Music Night.",Тюменский драматический театр
41,Видящие сердцем,"В концерте принимают участие:

Тюменский филармонический оркестр
Художественный руководитель и главный дирижёр — Юрий Медяник
Студенты Российской государственной специализированной академии искусств (РГСАИ):
Илья Багаутдинов (саксофон)
Арина Переладова (фортепиано)
Ольга Бендицкая (флейта)
Владимир Гридин (тромбон)
Елена Мартиросова (вокал)

Программа:

1 отделение
К. Дебюсси Рапсодия для саксофона с оркестром
Солист — Илья Багаутдинов
М. Равель Концерт соль мажор для фортепиано с оркестром
Солистка — Арина Переладова

2 отделение
В.-А.Моцарт Концерт № 2 для флейты с оркестром Ре мажор 1 часть
Солистка — Ольга Бендицкая
Н.А. Римский-Корсаков Концерт для тромбона с оркестром
Солист — Владимир Гридин
М. Равель. «Азия» из цикла Три поэмы для голоса с оркестром на стихи Тристана Клингзора в эквиритмическом переводе И. Г. Бродской-Карелиной
Солистка — Елена Мартиросова",Филармония
42,Captown,"Фрешмены Captown — новая школа казахстанского рэпа, хотя участники Captown себя к новой школе причислять не желают — в первую очередь из-за идеологического конфликта. Они предпочитают существовать на стыке поколений — где новый звук встречает старую рэп-этику!

Главная идея — «вывозить за каждую строчку». У каждого участника группы свой музыкальный вкус, при создании треков возникает «конфликт», откуда и рождается и нетривиальное звучание, и потрясающий флоу!

Авторы огромного количества бэнгеров, среди которых: «С любовью», «Разная дрянь», In da club, «Прядь», Gangsta party, «Миллион дел», «Букинг».

Такое лучше не пропускать!

При участии хип-хоп коллективов Екатеринбурга.",Detali.Bar
43,Playtime. К 23 февраля,"Группа Playtime Band — тюменский кавер-бэнд, выступающий на самых разных значимых событиях.

На вечере будет царить атмосфера праздника и тепла! 100% живой звук и отличное настроение обеспечено!

В репертуаре группы проверенные музыкальные композиции — лучшие хиты отечественной и зарубежной эстрады, которые сделают ваш вечер ярким и запоминающимся!

На сцене для вас:

Анастасия Алехина — вокал. С юных лет Анастасия занимается вокалом и выступает на сцене, окончила музыкальную школу по классу фортепиано и эстрадного вокала. Имеет лауреатство за участие во всероссийских и международных конкурсах, а также множество других наград в области вокального искусства. Больше всего в жизни наша вокалистка любит петь и дарить позитивные эмоции своим слушателям.

Дмитрий Симонов — клавиши и вокал. Великолепный клавишник и аккордеонист, захватывающий женскую часть аудитории своей виртуозной игрой. Кроме этого, Дмитрий исполняет исконно мужские песни из репертуара коллектива. Дмитрий — преподаватель игры на фортепиано и аккордеоне, профессиональный музыкант с высшим музыкальным образованием.

Владислав Ардалионов — барабанщик. Барабанами увлёкся в 14. Спустя несколько лет уже плотно занимался этим ремеслом и был участником многих разножанровых музыкальных групп. На данный момент за плечами Влада сотни отыгранных концертов и корпоративных мероприятий по всей России. Владислав работает преподавателем игры на барабанах в музыкальной студии «Лаборатория звука».

Владимир Шестаков — бас-гитарист. Бас-гитарист с огромным стажем, известный музыкант Тюмени. Входит в топ-10 лучших бас-гитаристов России.",Тюменский драматический театр
44,Театр танца «Гжель»,"К 80-летию Победы в Великой Отечественной войне.

Московский государственный академический театр танца «Гжель»

Когда более 30-ти лет назад, в 1988 году, народный артист России, хореограф Владимир Захаров создавал новый танцевальный коллектив, его посетила чрезвычайно плодотворная идея обратиться к русским народным промыслам. Изящество и своеобразие форм декоративных изделий, посуды, неповторимый яркий сине-белый узор определили название и направление развития коллектива. Театр танца «Гжель» словно подхватил эстафету празднично-нарядного мира народного промысла.

Но, сохраняя верность традициям работ Гжели, коллектив столь же успешно стал осваивать и стилистику продукции не менее древних, красочных, уникальных промыслов других регионов: Палеха, Хохломы, Дымкова, Федоскино, Жостова, Богородской игрушки, Костромской скани. Так появились хореографические номера «Сказочная Гжель», «Костромская скань», «Вятская игрушка». Собранные В. Захаровым сведения, фольклорные мотивы и народные образы разных областей легли в основу многих танцев и песенно-танцевальных картинок: «У голубя золотая голова» (Воронежская область), «У нашей Кати» (Воронежская), «Кадриль с проходкой» (Московская), «Волжская плясовая» (Саратовская), «Топотуха» (Владимирская), «Матаня» (Липецкая).

Артисты балета «Гжели» исполняют также «Танцы русских цыган», матросское «Яблочко», плясовую «Барыня» и «Хава-нагила» — как отражение национального многообразия самой России. И номера классического балета. Выпускники лучших хореографических училищ страны составили труппу театра, а неиссякаемая фантазия В. Захарова сформировала уникальный репертуар.

Коллектив активно гастролирует по стране и за рубежом, выступает на престижных столичных площадках. Работы замечательного коллектива восхищают изысканностью хореографических композиций, мастерством исполнителей, задорной музыкой, красотой костюмов.

Многообразие танцев народов России отражено в полюбившихся зрителям номерах: «Мотивы Жостово», «Соловушка прилетал», «Выйду ль я на реченьку», «Зеленая трава», «Еврейский», «Россия вечная», «Сказочная гжель», «Витерец», «Ланце», «Хора Драгости», «Шумел камыш», «Павлово-Посадские узоры», «Виртуозы» и другие.

В ярких красочных шоу, которые представляет Театр танца «Гжель» зрителям, оживают древние легенды, артисты театра языком танца рассказывают о традициях, быте и народных промыслах нашей многонациональной страны.

Театр по праву является культурной визитной карточкой города Москвы. Коллектив активно принимает участие в крупных государственных торжественных мероприятиях, проводимых на Красной площади и главной сцене страны — сцене Государственного Кремлевского Дворца, участвует в государственной программе «Дни Москвы» в регионах России и за пределами нашей страны.

Гастрольная карта театра насчитывает уже более 50 стран, среди которых Китай, Корея, Сербия, Великобритания, Ирландия, Франция и другие страны.

Театр ведёт активную творческую жизнь под руководством директора, заслуженного работника культуры РФ — Марины Куклиной и главного балетмейстера, заслуженного работника культуры РФ, лауреата Государственной премии РФ — Валентины Слыхановой.

Программа:
1 отделение — В. Гаврилин «Дом у дороги», одноактный балет;
2 отделение — «Люблю тебя, моя Россия» блестящий дивертисмент.",Филармония
46,Давайте сохраним,"У каждого композитора всегда есть своя главная песня.

У известного тюменского поэта-песенника, композитора, продюсера Валерия Павловича Серебренникова, безусловно, такая песня — «Давайте сохраним».

Она стала гимном для многих, и в первую очередь, для тех, кто не равнодушен к судьбам природы, судьбе мира на земле. Важное значение для всех нас имеет и сохранение культуры нашего региона.

В концертной программе Валерия Серебренникова «Давайте сохраним!» в исполнении хоровой капеллы Тюменской филармонии прозвучит хоровой цикл на стихи Сергея Есенина.

Ансамбль эстрадного отделения Тюменского колледжа искусств исполнит новое произведение, посвященное чилийскому певцу Виктору Хара, а Театр мюзикла Валерия Серебренникова — первую сцену из нового мюзикла «Аэлита» по мотивам произведения Алексея Толстого.

В концерте также примут участие солисты: Павел Лавренов, Петр Черепанов, Ирина Трифонова, Павел Андреенко, Наталья Середа, Илья Серебренников.",Дворец культуры «Нефтяник»
47,Два дыхания джаза,"Вечер советской музыки.
Денис Давыдов (Екатеринбург, Москва, Пермь) и Группа JAM (Тюмень)

Исполнители:
Резиденты АРТ-кафе ТБДТ — группа Jam:
Никита Похоруков — труба, саксофон, тромбон;
Константин Зернов — контрабас;
Алексей Дубовцев — клавишные;
Месроп Гукасян — ударные;
Денис Давыдов — саксофон.

Саксофонист Денис Давыдов, один из самых востребованных инструменталистов Екатеринбурга, преподаватель, композитор и аранжировщик. Выпускник Московского государственного университета культуры и искусств, заведующий отделением музыкального искусства эстрады в Свердловском музыкальном училище им. П. И. Чайковского. Постоянный участник международных джазовых фестивалей, среди которых Moscow Jazz Festival, Jazz Birds (Москва), «Джаз-лихорадка» (Пермь), EverJazz (Екатеринбург), UralTerraJazz (Камышлов), Усадьба Jazz (Екатеринбург) и др. Организатор джазовых фестивалей и концертов в Екатеринбурге и Перми.
Резидент джаз-клуба Алексея Козлова в Москве.
Сотрудничает с известными российскими музыкантами, такими как Мила Сваровская, Арминэ Саркисян, Билли Новик, Антон Давидянц и другими.",Тюменский драматический театр
48,Камерный оркестр B-A-C-H,"Камерный оркестр B-A-C-H был создан в 1990 году и объединил лучших музыкантов города Екатеринбурга.

За все время своего существования оркестр стал участником более чем 90 международных фестивалей в России и Европе, культурных акций ЮНЕСКО и UNICEF (в России и Италии), провёл многочисленные гастрольные турне по Германии, Австрии, Швейцарии, Нидерландам, Франции, Бельгии, Италии, Испании, Мексике, о. Тайвань.

С оркестром B-A-C-H работали многие российские и зарубежные дирижёры, такие как М. Кац (Франция), Л. Маркиз (Нидерланды), С. Фридман (Швейцария), Й. Радке (Германия), Д. Менье (Бельгия), С. Дьяченко (Россия-Италия), В. Усминский (Россия), Т. Мынбаев (Россия), Ф. Глущенко (Россиия), А. Скульский (Россия), Ф. Коробов (Россия).

Репертуарный диапазон оркестра чрезвычайно широк: от шедевров мировой классики (Гендель и Бах, Корелли и Вивальди, Моцарт и Гайдн), русской и зарубежной музыки XIX века — до сочинений композиторов ХХ века (И. Стравинский, Д. Шостакович, А. Шёнберг, С. Барбер, Д. Бриттен, В. Сильвестров, Э. Денисов, Б. Чайковский, а также уральские композиторы).

Большим успехом пользуются эксклюзивные программы оркестра — переложения произведений, написанных для разных составов, джазовых композиций, сочинений в стиле кантри и даже шедевров рок-культуры: программа «Волшебство Queen», получившая одобрение Queen Records Ltd; «Волшебное цветение сакуры», «Этот безумный, безумный мир», «Сказки венского леса», «Музыка и кино», «Аромат танго».

Оркестр В-А-С-Н проводит около 80 концертных выступлений в год, записывает компакт-диски, имеет фондовые записи на радио и телевидении.

Обширный репертуар, высочайший исполнительский уровень, сотрудничество с музыкантами мирового масштаба сделали оркестр «В-А-С-Н» признанным в России и Европе.

Главный дирижер оркестра — Николай Усенко.

Программа:
—«Бурлеск и Эхо. Контрасты и Отражения»;
—Antonio Vivaldi Ouverture Farnace RV 711;
—Antonio Vivaldi Concerto d-moll RV 129 Madrigalesco;
—TarquinioMerula Cniaccona op. 12 No 20;
—Johann Sebastian Bach Contrapunctus11 Die Kunst der Fuge BWV 1080;
—Georg Philipp Telemann Ouverture burlesque TWV 55:B8;
—Bernard Herrmann String quartet Echo.

Ведущая — Ирина Винкевич.",Филармония
49,Тюменский филармонический оркестр. Ян Фанг,"Исполнители:
Тюменский филармонический оркестр;
Художественный руководитель и главный дирижёр — Юрий Медяник;
Солист — Ян Фанг (фортепиано, Китай).

В программе:
Инь Чэнцзун, Чу Ванхуа — Фортепианный концерт «Хуанхэ» («Жёлтая река»);
Люй Цимин — Симфоническая увертюра «Ода красному флагу».

«Господин Фанг — зрелый и авторитетный исполнитель, в котором сочетаются властное владение инструментом и творческая и личная музыкальность» Джером Ловенталь.

Ян Фанг получил магистерскую степень в области фортепианного исполнительского искусства в Джульярдской школе (Нью-Йорк, США) под руководством Джерома Ловенталя и Хунг-Куан Чэня. Ян также учился у Мён-Джу Ли в Колбернской школе (Лос-Анджелес) в рамках программы предвузовской подготовки. Там же он поработал с Жан-Ивом Тибоде. Позже Фанг получил степень бакалавра музыки под руководством Александра Корсантии в Консерватории Новой Англии. С осени этого года Ян начнёт обучение в Манхэттенской музыкальной школе под руководством Ефима Бронфмана как первый кандидат на AD (Artist Diploma, годовой интенсивный курс для особо одаренных студентов) по классу фортепиано за последние 7 лет.

Ян завоевал множество престижных наград на крупных национальных и международных фортепианных конкурсах. Среди его достижений:
— золотая медаль Международного конкурса к 200-летию Шопена;
— I приз конкурса Cheer Taiwan International Music Competition;
— II место конкурсе Steinway Concerto в Лос-Анджелесе;
— Гран-при фортепианного конкурса Honors NEC (Консерватории Новой Англии);
— серебряная медаль V Гулансюйского молодежного фортепианного фестиваля;
— участник Международного конкурса Leeds Piano Competition 2021 и XVII Международного конкурса им. Чайковского.",Филармония
50,Новоорлеанский фан и соул 60-х годов,"Jackie Brown — команда из Екатеринбурга играющая инструментальный новоорлеанский фанк и соул 60-х годов!

Пульсирующие и аутентичные ритмы с винтажным ламповым звучанием инструментов — все это создает ту самую энергетику, когда зритель поневоле начинает двигаться в такт с музыкантами.

Уникальное звучание группы является результатом их мастерской игры и приверженности традиционным звучаниям новоорлеанского фанка. Их живые выступления — это электризующие заряды, передающие энергию фанка всему залу.

Состав участников:
Андрей Абатуров — губная гармоника
Дмитрий Шарко — гитара
Ирина Борисенко — ударные
Влад Михляев — бас гитара",Тюменский драматический театр
51,Казян,"Его текста наполняют яркие эпитеты, будоражащие сознание образы и простой уличный фольклор, направленный на развитие духовных ценностей и созидание новой действительности.",Дом печати
52,Лундстрем трио,"Концерт в рамках первого фестиваля камерной музыки имени Ары Грачиковича Богданяна.

Фестиваль камерной музыки носит имя выдающегося музыканта, преподавателя по классу скрипки, заслуженного деятеля искусств РФ, профессора кафедры скрипки Московской государственной консерватории им. Чайковского Ары Грачиковича Богданяна, внесшего огромный вклад в развитие отечественной педагогики и исполнительского искусства.

Фестиваль посвящён исполнительскому искусству игры на скрипке — инструменту, являющемуся основой камерного ансамбля.

Исполнители:
Мария Воскресенская (фортепиано);
Леонид Лундстрем (скрипка);
Владимир Нор (виолончель).

Программа концерта «Два взгляда на русскую историю»:
Шостакович — Трио № 2 ор. 67 ми минор;
Шебалин — Трио ля мажор.

Продолжительность концерта: 1 час 30 минут с антрактом.",Филармония
53,Рок-классика Rock-Accorda,"Драйв рок-хитов в исполнении группы Rock-Accorda!

Это контраст классических инструментов и рок-музыки!

Классические зарубежные рок-хиты в инструментальном исполнении, а именно: Metallica, Deep Purple, Queen, Roxette, Scorpions, Beatles, Muse, Nirvana, Sistem Of Dawn, Keane, Cranberries, Linkin Park, Korn, Pink Floyd, Led Zeppelin.

Вы почувствуете яркие эмоции на концерте Rock-Accorda!

Исполнители:
Ксения Вецак — клавиши;
Даниил Баранов — скрипка;
Павел Раменский — альт;
Эдуард Пузин — виолончель;
Евгений Кроетору — ритм / соло гитара;
Александр Стацура — бас;
Леонтий Полевик — ударная установка.",Тюменский драматический театр
54,Трио Даниила Крамера,"Исполнители:
Трио Даниила Крамера;
Даниил Крамер — фортепиано;
Мари Карне — вокал.",Филармония
55,Струнное трио артистов ТФО,"Фестиваль камерной музыки им. Ары Грачиковича Богданяна.

Фестиваль камерной музыки носит имя выдающегося музыканта, преподавателя по классу скрипки, заслуженного деятеля искусств РФ, профессора кафедры скрипки Московской государственной консерватории им. Чайковского Ары Грачиковича Богданяна, внесшего огромный вклад в развитие отечественной педагогики и исполнительского искусства.

I фестиваль посвящён исполнительскому искусству игры на скрипке — инструменту, являющемуся основой камерного ансамбля.

Концерт струнного трио артистов ТФО.

Состав:
Александр Кащеев — скрипка;
Армине Назарян — виолончель;
Ксения Кащеева — фортепиано.

В программе:
Бабаджанян — Трио для скрипки, виолончели и фортепиано фа диез минор;
Хачатурян — Адажио из балета «Спартак» (переложение для трио);
Хачатурян — Танец с саблями из балета «Гаянэ» (переложение для трио);
Хачатурян — Песня-поэма для скрипки и фортепиано.",Филармония
56,"Пара, но я","Игра слов в названии моноспектакля — это подсказка к тому, что зритель увидит на сцене.

Сюжет довольно прост: молодой человек любит девушку и собирается сделать ей предложение. В его фантазиях всё уже создано: дом, семья, путешествия и новая жизнь! Но, оказывается, для того чтобы всё сбылось, нужно иметь не только хорошую фантазию и крепкое воображение, но и предпринять конкретные действия для воплощения планов. У каждого действия есть последствия и у бездействия, к сожалению, тоже...

Спектакль о молодости — безалаберной и восторженной, о человечности — осмысленной и ограниченной, о любви — простой и неказистой, у которой не попросить прощения!",Тюменский драматический театр
57,Люди театра и его закулисье,"Увидеть наш театр изнутри, да ещё в ночное время — такая уникальная возможность есть у наших зрителей!

Кто лучше всех знает, как работает театр? Правильно, наш директор!

«Люди театра и его закулисье» — так называется часовая экскурсия. Её участники побывают там, куда обычно зрителей не пускают. Светоцех, звукоцех, наша костюмерная, помещения, где хранятся куклы и декорации, бутафорский цех и, конечно же, закулисье.

К участию в экскурсии допускаются только лица достигшие возраста 16 лет!",Театр кукол
58,Каренин А.,"Пьеса Романа Габриа, написанная специально для Тюменского Большого драматического театра, является театральной инсценировкой романа Льва Толстого «Анна Каренина». В основе пьесы подлинный толстовский текст и ставшие уже легендой персонажи: Алексей и Анна Каренины, Стива и Долли Облонские, Вронский, Бетси Тверская.

Наш спектакль — взгляд с иного ракурса на всем известную историю. Жизнь Анны пройдет перед зрителями, увиденная глазами обманутого супруга — Алексея Каренина. И раскроется еще одна драма — любовь мужа, пытающегося отстоять свою семью, свое счастье.

Образ Каренина у Льва Толстого — это человек–машина, чиновник высокого ранга, высоколобый и бесчувственный. Режиссер Роман Габриа убирает этот стереотип — в нашем спектакле Алексей Каренин человечен, мы увидим его в счастье и в страдании. Увидим его настоящим, неподдельно любящим, оскорбленным тем, что обманут.

Спектакль «Каренин А.» — это рассказ о человеке, который нашёл в себе силы простить. Прощение не ограничивает ничью свободу, не делит людей на правых и неправых; это духовная сила, которая превращает зло в добро, ревность в любовь, страдание в сострадание...",Тюменский драматический театр
59,Игра,"Лазерное неоновое пиксельное шоу для всей семьи. Мир лазерных лучей, неоновых линий, вспышек пикселей и летающих светящихся шаров.

Станьте участниками удивительной истории!

Игра о том, что общаться не в сети тоже интересно и весело.
— Переписываться с незнакомцами в интернете и открывать ссылки небезопасно
— Учить уроки стоит, ведь знания обязательно пригодятся
— Вместе можно решить любую задачу
— Нужно слушать маму и держать слово
— Реальные, не виртуальные друзья всегда помогут
— Помогать тем, кто попал в беду — это круто!

Что ребятам нужно будет сделать в ходе шоу:
1. Составить карту для потерянных пикселей. На пути нашему герою встречаются Потерянные Пиксели. Герои в ярких светодиодных костюмах. Эти необычные создания потерялись и не могут найти дорогу домой. И тут на помощь приходят наши юные зрители!
2. Научить братьев Пру и Жина танцевать. Братья Пру и Жин, забавные герои, брат и сестра, в объемных костюмах, напоминающих разноцветные соединенные пружины. Жин капризничает и не хочет заниматься зарядкой вместе с Пру, из-за этого они постоянно ругаются с братом. Зрителям придется потанцевать вместе с ними, чтобы они помирились.
3. Помочь Неонам освободить светящиеся шары, научив их летать. В следующем уровне Тёма встречает Неонов — ярких и любимых всеми персонажей. Чтобы выполнить очередное задание, ребятам нужно будет научить гигантские светящиеся шары летать, зрителям предстоит подбрасывать их к самому потолку!
4. Зарядить базовую станцию Лазермэна. В уровне номер 4 на сцене появляется Лазермэн, этот персонаж в светящемся костюме управляет лазерами, его станция разрядилась и ребятам предстоит её зарядить.
5. Создать ансамбль световых барабанщиков. В финале шоу ребята познакомятся со Световыми Барабанщиками, оценят их светодиодные горящие разными цветами костюмы и барабаны, научат их играть вместе, дружно хлопая в ладоши замысловатые ритмы.

Дети до 4-х лет бесплатно, без предоставления отдельного места.",ДК «Железнодорожник»
60,День во дворце,"Дворец культуры «Нефтяник» — это многофункциональный комплекс, предназначенный для воплощения в жизнь самых сложных спектаклей, концертов, показов, танцевальных и развлекательных мероприятий, шоу-программ.

По своему техническому оснащению Дворец культуры «Нефтяник» является уникальным и не уступает лучшим залам России!

Большой концертный зал вмещает 922 зрителя, при этом, его можно быстро и без ущерба для интерьера трансформировать в конференц-зал, подиум, танцевальную площадку или диско-зал.

Малый зал — ощутите себя гостем старых кинотеатров!

Мраморный зал — гордость нашего Дворца! Шикарные интерьеры зала перенесут вас в эпоху балов, эпоху благородных дам и господ.

Танцевальный зал — это танцевальный паркет площадью 400 кв.метров! Зеркала вдоль стен и красивые люстры...

Перед посещением просим вас предварительно связаться с нами: 28-32-29 и 28-32-33, 28-32-27 и 28-32-63.

Бесценные эмоции, шикарные виды, заряд энергии и море положительных впечатлений прилагаются к каждому уголку нашего Дворца!",Дворец культуры «Нефтяник»
62,Испанская баллада,"Спектакль рассказывает трагическую историю о страстной и запретной любви короля Кастилии Альфонсо и юной еврейки Ракель, которая переворачивает ход исторических событий средневековой Испании. За воротами королевского дворца плетутся политические заговоры и интриги. Любовь женатого короля — грех, а страданиями обманутой королевы и заботой о благополучии королевства можно оправдать любые жертвы.",Тюменский драматический театр
63,Волшебные фокусы,"Впервые в Тюмени! Уважаемые, тюменцы и гости города!

Приглашаем всех на семейное интерактивно-развлекательное шоу «Волшебные фокусы». В гостях у сказки в театре, где живет волшебник! Погрузитесь всей семьей в удивительную атмосферу в театре, где происходят чудеса!

А приглашает вас к себе в гости профессиональный фокусник, знаток и умелец волшебного искусства Сергей Кораблёв.

Программа шоу:
— Вы увидите фокусы с монетами, игральными картами, веревками, китайскими кольцами, лентами, платками, шариками.
— Зрители принимают непосредственное участие в волшебстве.
— И что удивительно, фокусы получаются у них в руках.",Театр фокусников
64,Бобик в гостях у Барбоски,"Как славно пригласить своего приятеля в гости, немного прихвастнуть перед ним: а вот у меня есть то, сё, а я могу вот так и вот эдак. Хорошо мне, одним словом!

А как весело и забавно можно поиграть с гостем, не церемонясь с заведёнными порядками, ведь ты — хозяин всего, на данный момент, по крайней мере ... Все авторитеты сдвинуты, фантазия и азарт выпущены на волю и ветер вседозволенности лихо гонит их вперёд!

Когда игра заканчивается, приходит неминуемое наказание, а с ним — осознание очень важных вещей: что такое настоящая свобода и ответственность. Неважно, что герои нашего спектакля — дворовый и домашний пёсики, на их месте с успехом могли бы оказаться обычные мальчишки и девчонки.",Театр кукол
65,Магическое путешествие,"Это интерактивное представление в движущемся поезде с погружением в тематику. В компании персонажей из «Гарри Поттера» и Полярных жителей вас ждёт удивительное путешествие в мир магии и волшебства. Каждый пассажир получит волшебную палочку и незабываемые эмоции.

Садитесь в наш волшебный поезд и отправляйтесь в Магическое путешествие с Полярными жителями.

Приготовьтесь погрузиться в атмосферу северного сияния и волшебства, где природа и магия соединяются в одно целое!

Что вас ждёт?
Интерактивная программа в настоящем поезде;
Подарки, угощения и сюрпризы;
Зажигательные танцы;
Новогодняя рыбалка с Йети;
Зачисление на факультеты Хогвартса;
Вагонный квиддич;
Уроки волшебства;
Тематические фокусы и научные эксперименты;
Более 10 персонажей в исполнении профессиональных актёров.

Поездка пройдёт в комфорте и безопасности. На поезде не будет посторонних. Он арендован только для путешественников Магического Путешествия. Во время путешествия мы приезжаем из пункта А в Б и едем обратно.

Детям, которые поедут без родителей, помогут администраторы. Наши администраторы будут следить за детьми во время поездки, а когда поезд вернётся — проводят до встречающих.

Как мы работаем:
Встречаемся на вокзале. За 30 минут до отправления на Железнодорожном вокзале вас встретят координаторы, которые помогут зарегистрироваться и выдадут бумажные билеты;

Рассаживаемся по местам. После регистрации вас проводят к вагонам, где пассажиров встретят актёры и пригласят занять места;

отправляемся в путешествие. Во время поездки пассажиры становятся частью программы и взаимодействуют с героями. На протяжении всей поездки идёт программа, герои сменяются один за другим. Вас ждут фокусы, эксперименты, активные игры, необычный квиддич и многое другое!;

Возвращаемся домой. Поезд едет по пригородной станции и обратно.",Железнодорожный вокзал
66,Алиса,"Масштабный хореографический спектакль. История, основанная на всемирно известной истории, но в собственном прочтении. «Алиса. Детская сказка для взрослых».",Тюменский драматический театр
67,Никита Шевчук,"Никита Шевчук — стендап-комик из ваших риллсов. Цепляет своей откровенностью и комедийным подходом. Его любят за интеллект и душевность, на его концертах царит атмосфера искренности и непосредственности.

В концерте «Без обид» звучат шутки, которых еще нет в интернете, вы точно их не видели.",ДК «Железнодорожник»
68,Игорь Еговцев. Грю Шоу и Стендап,"Грю Шоу — это импровизационный комедийный формат мероприятия. Гости рассказывают свои истории, а комик Игорь Еговцев разгоняет их в моменте со зрителями и совместно делают их смешнее.

Если у вас в жизни происходила весёлая история или происшествие — то это лучший момент рассказать еë и посмеяться в большой компании.

Игорь Еговцев стендап-комик, один из организаторов стендап-движения в Тюмени, участник шоу «Открытый микрофон» на ТНТ.

Входные билеты не привязаны к определенному столику или месту, но менеджер зала комфортно разместит вас в порядке очереди. Также возможно размещение с другими гостями за одним столом, поэтому если вы идете компанией, рекомендуем приобретать билеты одним заказом на всех.

Стоимость еды и напитков оплачивается отдельно.

Вниманий! Сбор гостей за 30 минут до начала мероприятия!",Цоколь
69,Ч-чайка,"Сегодня, когда театр для зрителя давно уже сумма всевозможных эстетик — вербальных, танцевальных, любых. Когда театр заполнен медиа-цифровыми технологиями и различными около культурными коллаборациями — особо интересно вернуться к программной пьесе Антона Павловича Чехова «Чайка».

Первая «новая драма». Спотыкаясь о неё, двигался весь театр XX века. От Станиславского до Бутусова, Крымова и дальше. Десятки новаторов в лице все новых и новых Треплевых кричали, что нужны «новые формы»! О чём был этот крик? Ведь Костя любит Нину, Нина любит Борю, Маша любит Костю, а Полина любит Женю. Интерпретации бесконечны.

Пять пудов любви Чеховской «Чайки» в новой постановке или сон сына о потерянной матери.

С одним антрактом.",Тюменский драматический театр
70,Наш городок,"«Наш городок» — самая знаменитая пьеса американского прозаика и драматурга Торнтона Уайлдера. Написанная в 1938 году, она в том же году была удостоена Пулитцеровской премии.

Сам Торнтон Уайлдер говорил о пьесе: «Это простая пьеса, в которой присутствуют все сложные темы; и это сложнейшая пьеса, где я с любовью рассказываю о простейших вещах на свете». В ней, как и во всех своих произведениях, Уайлдер пытается проникнуть в тайный смысл сущего, разобраться в причинно-следственных связях человеческого бытия. В пьесе действие разворачивается с 1901 по 1913 год в американском провинциальном городке. В этом городке — таком же, как и многие-многие другие по всему миру — не происходит ничего на первый взгляд выдающегося. Но время идёт, и жизнь, единственная и неповторимая, уходит вместе с ним.

«Наш городок» исследователи называют одной из сложнейших пьес ХХ века. Возможно ли жить, полноценно ощущая каждое мгновение жизни? Как не стать рабом ежедневного быта? Как услышать своё сердце и выбрать единственно правильный путь? Можно ли изменить собственную судьбу? Справедлива ли смерть? Справедлива ли жизнь? На эти, казалось бы, простые вопросы ответить оказывается довольно трудно, а иногда и невозможно.

В состав исполнителей могут быть внесены изменения без дополнительного уведомления.",Тюменский драматический театр
71,Как Маша поссорилась с подушкой,"Сюжет необычной истории прост. Маленькая девочка, отдыхающая с родителями на даче в деревне, ложится вечером спать, но не может заснуть, потому что «кровать плохая, одеяло колючее, подушка жёсткая…». Девочка выходит из дома в ночной сад. Всем встречным она рассказывает о своих неприятностях. А встречные, собака, курица, летучая мышь, цапля, пытаются помочь девочке. Но ничего хорошего из этого не выходит. Маша возвращается домой и понимает, что у неё хорошая удобная кровать, мягкая подушка и тёплое одеяло, которым приятно укрыться после ночного путешествия. Так что, как говорится, в гостях хорошо, а дома лучше. Надо уметь ценить то, что имеешь: свою кроватку, свой дом, свою деревню или город, свою Родину, наконец! Об этом, в доступной для самых маленьких зрителей форме, рассказывает спектакль Тюменского театра кукол.",Музейный комплекс им. Словцова
72,Анна Франк,"Дневник 15-летней Анны Франк, погибшей в нацистском концлагере, потряс мир. Он входит в десятку самых читаемых книг, вышел миллионными тиражами на 70 языках. В дневнике Анна подробно описала, как ее семья и семья компаньона отца, спасаясь от преследования нацистов, два года скрывались на чердаке офисного здания в Амстердаме.

Два года!

Два года...

Два года тишины, темноты и... надежды. Они все очень хотели жить! Шутили, радовались, решали семейные проблемы, праздновали дни рождения, впервые влюблялись, обижались, смеялись, любили жизнь и ценили каждое ее мгновение....

В замкнутом пространстве, когда спрятаться друг от друга нет никакой возможности, чувства обостряются, а многие поступки вызывают сомнения. Каково это — быть спрятавшимися? Как выжить в этих страшных обстоятельствах, сохранив веру и надежду на будущее?",Тюменский драматический театр
73,Мой блистательный развод,"Есть ли жизнь после развода? Конечно, ещё какая!

Слезы и тоска? А как без этого!

Жалость к себе и полное отчаяние? Разумеется!

Новые приключения и открытия? Несомненно!

Хэппи-энд? Обязательно!",Тюменский драматический театр
74,"Стасик, играй!","Наш спектакль — это лирическая, музыкальная, добрая и светлая сказка для взрослых, наполненная всеми любимыми песнями и искрометными шутками, где молодому поколению зрителей представится удивительная возможность окунуться в замечательную пору влюбленности их родителей.

Сюжет незамысловат — стоит где-то, в каком-то городе старый дом, который вот-вот должны расселить, и живут в нём прекрасные люди, которые никак не хотят расставаться друг с другом и самоотверженно отстаивают свой дом от сноса!

Конечно же, в нашем спектакле будет любовь, а точнее влюбленный в серьезную девушку-строителя застенчивый библиотекарь, будут жизненные драмы, любовные баталии, тайные ночные свидания. Всё это напомнит вам любимые советские кинофильмы!

Эта история могла случиться в любом городе нашей огромной страны! Ведь в каждом городе есть свои старые дома, напоминающие корабли, которые населены дружной, никогда не унывающей командой, где все соседи живут, как одна большая семья, где взрослеют и стареют, влюбляются и воспитывают детей!

Мы приглашаем вас в театр всей семьей, с друзьями, родными и близкими, чтобы отдохнуть и повеселиться!

В состав исполнителей могут быть внесены изменения без дополнительного уведомления.",Тюменский драматический театр
75,Артём Винокур,"Артём Винокур с новой стендап-программой «Вот это денёк»!

Победитель «Открытого микрофона», участник проектов «Решалы», Outside Stand Up и «Большое шоу» — Артём Винокур превращает реальную жизнь, будничные переживания и внезапные повороты судьбы в бесконечно смешной стендап!

Ироничный, ненапряжный и узнаваемый — его юмор позволяет взглянуть на повседневные сложности под неожиданным углом. Узнайте себя в его шутках, убедитесь, что не одиноки в своих заботах, и проживите этот день по-настоящему смешно!",ДК «Железнодорожник»
76,Рамис Ахметов и Лена Корнеева,"Стендап Урал представляет шоу на двоих!

Рамис Ахметов — самый музыкальный из комиков и самый смешной из музыкантов, финалист Comedy Баттл и участник Stand-Up на ТНТ. Востребованный в столице как участник стендап концертов, так и музыкант со своим проектом 33, теперь и на Урале!

Лена Корнеева — ведущая Comedy радио Москва, финалистка Comedy Баттл, участница шоу Не спать.

И всё это в концерте «Конфетно-букетный период», а почему так называется, вы узнаете, когда придете на шоу в вашем городе. На разогреве лучшие комики региона.

Стендап Урал — место выступления комиков со всей страны и не только.

Количество мест ограничено. Это нельзя пропустить!",Дом печати
77,Биография из леса,"Притча в двух частях с прологом и эпилогом для семейного просмотра
Пьеса Клавы Ильиной по мотивам романа Феликса Зальтена «Бэмби».

Лес — большой и древний дом для множества жизней, в нем рождаются и умирают разные обитатели сотни и тысячи лет.
Об одной из этих жизней мы и расскажем: однажды где-то в укромном месте посреди старого леса родился Герой, он рос среди своих сородичей, учился заповедям жизни в природе, любил и отпускал близких. Его путь — не для всех, ведь ему суждено стать Королем.

В основе спектакля — пьеса, написанная по мотивам романа Феликса Зальтена «Бэмби». По своей структуре это роман взросления, то есть история героя от рождения до какой-то точки в его будущем, когда он пройдет путь превращения и станет тем, кем ему предначертано быть. На пути его будут потери, ему предстоит принимать тяжелые решения, часто он будет в шаге от гибели, но каждый раз он будет возвращаться к жизни и к ее бесконечному чуду. Все же нет ничего на свете важнее самой жизни, и каждая душа при этом стоит того, чтобы за нее бороться.

Наш спектакль про саму жизнь, про её ценность и хрупкость. О сложных связях с сообществом и социальном уединении. О любви и преданности своему близкому кругу. О вековых законах, на которых держится мироздание. О смирении перед неизбежностью и умении жить жизнь, полную любви.

Наравне с драматическими артистами на сцене будут играть куклы-манекены и планшетные куклы; здесь они — атрибуты мира, символы, а не исключительный способ повествования. Артисты при этом существуют открыто, не прячась за ширмы или в маски.",Тюменский драматический театр
78,"Ёжик, Медвежонок и дырпыр","Ёжик и Медвежонок отличные друзья. Ёжик и Медвежонок любят ходить друг другу в гости и пить чай. К Ёжику и Медвежонку не редко приходят необычные посетители, и часто Ёжика и Медвежонка увлекают необыкновенные идеи. В лесу Ёжика и Медвежонка появляются Солнечные зайчики, Ромашки и многое, от чего захватывает дух, а на небе Ёжика и Медвежонка звёзды должны быть обязательно чистыми. У Ёжика и Медвежонка есть друг Заяц, которому тоже снятся удивительные сны.",Молодёжный театр «Ангажемент»
79,Ричард III,"Историческая пьеса Уильяма Шекспира в жанре трагедии написана примерно в 1591 году и изображает приход к власти и последующее краткое правление короля Англии Ричарда III. Классика, известная во всём мире, решена в Тюменском БДТ в экспериментальном, современном, ярко-театральном стиле. Действие перенесено во вневременное пространство некоего постапокалипсиса. Тюменский «Ричард III» — спектакль не только об узурпаторстве, предательстве, но и о самом главном — о любви и нелюбви. Главный герой ещё раз подтверждает истину, что все мы «родом из детства», и показывает, на что способен человек, чтобы доказать всему миру свою значимость.

Осторожно: спектакль может затронуть ваши скрепы.",Тюменский драматический театр
80,Поместье ворона,"Классическая детективная история, в которой действуют пять женщин и только один мужчина. Сможет ли он разгадать загадочные убийства в этом странном доме или станет очередной жертвой? Удастся ли инспектору Раффингу разобраться в изощренных женских фантазиях? Чья логика, наконец, победит: мужская или женская? Берегитесь, инспектор Раффинг, с женщинами шутить крайне опасно!",Молодёжный театр «Ангажемент»
81,Не всё коту Масленица,"Одна из самых остроумных комедий А. Н. Островского, населенная яркими острохарактерными персонажами предстанет перед зрителями в классическом прочтении и исторических костюмах.

За небогатой девушкой Агнией ухаживает купец Ахов и его приказчик Ипполит. Богатый и спесивый Ахов одаривает Агнию и требует от неё повиновения. Ипполит же — робок, но любит девушку всем сердцем. Перед героями пьесы встает выбор между деньгами и чувствами — эта тема актуальна во все времена. Что выберут герои, пройдя через череду смешных ситуаций?

Спектакль создан при поддержке муниципального гранта города Тюмени.",Молодёжный театр «Ангажемент»
82,Остров сокровищ,"Классика жанра приключений о поиске сокровищ перенесена авторами спектакля в далёкое будущее. Фантастика и приключения в одном спектакле!

История о поиске сокровищ перерастает в поиск настоящей правды о самом себе! Эта история удивит не только ребёнка, но и его родителей. Мир будущего погибает от экологической катастрофы, загрязненный бытовыми отходами, это ещё одна цель — привлечь внимание к экологической проблеме, научить сохранять наш мир чистым.

«Остров сокровищ» один из самых уникальных спектаклей, его репетиции начались онлайн ещё во время режима самоизоляции. А зрители театра принимали решения, путем голосования в интернете, какого актёра выбрать на ту или иную роль, делая этот фантастический спектакль самым народным спектаклем за всю историю театра!

В спектакле используется генератор дыма.",Молодёжный театр «Ангажемент»
83,Умная Собачка Соня,"Вы знаете, что с горчицей можно съесть всё, что угодно? А что обои обязательно должны быть с цветами? Знакомы ли вы с правилами хорошего тона для маленьких собак? А может быть, вы любите варенье, как и собачка Соня? Она отважно познаёт большой и непонятный мир, сталкиваясь с различными трудностями, от которых жизнь, конечно, только веселее. Весёлый разговор на жизненно важные темы для маленьких непосед и исследователей, а также для их родителей.",Молодёжный театр «Ангажемент»
89,Медовый человек,"Ритка – молодая бунтарка, выросшая в семье с нелюбимой мачехой и максимально «холодным» отцом, ищет проявления любви где-то во всемирной сети и собственном выдуманном мире. Наталья – немолодая преподавательница культурологии, которая развелась с мужем, также страдает от одиночества.

Отчаянные поиски любви приводят таких разных женщин к одному и тому же мужчине – певцу популярной группы. Чувства оборачиваются для героинь то апатией, то маниакальным желанием и приводят к трагическим последствиям. Истории двух героинь совсем не частные, а отражают глобальную боль современных женщин.",Тюменский драматический театр
90,Из жизни ископаемых,"Мастер-класс от корифеев нашей сцены в самом жизнеутверждающем проекте Тюменского Большого драматического театра «Из жизни ископаемых»!

В основе сюжета трагикомедии «Из жизни ископаемых» — цикл из семи пьес-миниатюр популярного драматурга и сценариста Фредерика Строппеля. Эти маленькие пьесы, самостоятельные по сюжету, объединены одной темой — жизнь людей «золотого возраста». В этих фарсовых, лиричных, смешных и трагичных историях раскрывается полный жанровый диапазон — от комедии до трагедии.

Каждая история — это добрая, лёгкая и чуть горьковатая улыбка времени. Ведь оно знает, что его власть не безгранична. Разве люди считаются со временем, когда влюблены? Разве думают о его быстротечности, когда пробуют начать жизнь с чистого листа? Время может забрать цвет волос, стереть со щёк краски молодости, замедлить походку и даже отнять память. Но стремление любить и быть любимым остаётся в человеке даже тогда, когда времени у него почти не остаётся...",Тюменский драматический театр
91,Яма,"«Скверный водевиль с глубокой драмой» об изломанных женских судьбах, которые по разным причинам оказались в публичном доме. Кто-то продаёт тело, а кто-то свою душу. Есть ли в этой истории главная героиня или герой — вот главный вопрос. В постановке в живую исполняются песни начала 20 века. Спектакль, как и произведение А. И. Куприна — это посвящение юношеству и матерям.",Молодёжный театр «Ангажемент»
92,Ухо Ван Гога,"Ван Гог – одно из самых известных имён мировой живописи и интерес к нему огромен. Его работы, растиражированные и цитируемые во всём – от детской одежды до этикеток на бутылках вина – это полноправная часть 21 века. Ван Гог повсюду, он в массовой культуре, на обложках журналов, он окружил нас настолько, что звукосочетание «вангог» известно, наверное, каждому.

Режиссёр, совместно с композитором, художником и артистом берут на себя смелость создать на вновь открытой для зрителей сцене «Молодость» Тюменского БДТ особую, яркую и полифоничную реальность самого, ух! Винсента Ван Гога, оторванную от повседневного мира. Игровую, необычную и очень манкую.

Композитор Владислав Крылов поставил перед собой любопытную задачу: подобрать звуки к цветам; художник спектакля, Арина Слободяник, визуализируя автопортреты Ван Гога, предлагает свою версию его облика, собирая как по нотам, музыку цвета, а режиссёр Роман Габриа на основе переписки Ван Гога с братом Тео – соберёт слова во внутренний неуловимый поток сознания безумного рисовальщика.",Тюменский драматический театр
93,Love is...,"История о людях, играх их воображения, переменчивости любви и космоса.

С антрактом",Тюменский драматический театр
94,Королева красоты,"Обращение режиссёра спектакля Александра Баргмана:
«...Пьеса «Королева красоты» — первая пьеса Мартина Макдонаха. Она была написана за семь дней и практически сразу стала ставиться в театрах всего мира.

Это история матери и дочери, изо дня в день проживающих свою застывшую жизнь в городке Линейн. История взаимной зависимости, накаляющейся и перерождающейся во вражду. Мэг и Морин привязаны друг к другу намертво и беспросветно, пока в городок не возвращается Пато Дули — бывшая и недослучившаяся любовь дочери. И... этих ирландок уже не остановить...

Думаю, что британо-ирландский драматург Мартин Макдонах — один из самых важных, сильных и отчаянных драматургов XX–XXI веков. В нём — крик о человеке, боль за человека, беспощадность и сострадание вместе.

Сквозь его пьесы смотрят на нас и не перестают не постигать человеческую природу Шекспир, Гоголь, Чехов, Достоевский, Горький, Уильямс, Беккет и другие художники, так и не нашедшие ответы на «вечные вопросы».

Макдонах ищет эти ответы яростно, страшно, саркастично и, кажется, не оставляет нам надежды на спасение... Но это не так.

Там, за греховностью и преступлениями, за безбожной, беспросветной островной жизнью героев его пьес (действие многих из них происходит на ирландских островах), там, за мелочностью и чудовищной грязью быта, за страхами и незнанием счастья — всё равно мерещится тот мир, где это понятие, зашифрованное в простое слово «любовь», обретает контуры смысла. Этой любви почти нет в пьесах, она затерта и засыпана чипсами, растворимыми супами, полита самогоном и кровью, но в мечтах, грёзах, снах — она прорастёт... Или могла бы прорасти.

Для меня — это первый опыт постановки пьесы Макдонаха. Сегодня, как и всегда, хочется говорить о свободе — свободе проявления чувств, свободе выбирать, свободе быть собой, при этом оберегая свободу другого, мир другого. Не посягнуть на... не подчинить... не присвоить... отпускать...

Буду рад, если знакомство с драматургией Макдонаха станет чем-то важным для зрителей...»

В этой пьесе, как и во всех других, достаточное количество жёсткого юмора. Очень и очень жёсткого юмора. Юморка «на грани». Будьте готовы

Кинозрителям имя Макдонаха знакомо по его фильмам, снятым по собственным сценариям: «Шестизарядник», «Залечь на дно в Брюгге», «Семь психопатов», «Три билборда на границе Эббинга, Миссури», «Банши Инишерина». Советую предварительно посмотреть, чтоб погружение в мир Мартина прошло плавно и безболезненно.",Тюменский драматический театр
95,Калечина-Малечина,"«Калечина-Малечина» — история про «невыросшую» которую в общем-то и за человека не очень-то считают (по крайней мере, она так думает). Кто? Родители, учителя, другие взрослые. Вот вырасту, тогда... мечтает девочка Катя, нет-нет, вы не думайте, она абсолютно обычный подросток (в смысле совершенно необычный человек, возраст такой, ну вы меня понимаете) — колючий, резкий, дерзкий, уходящий в себя, разглядывающий пятна на потолке в комнате, совершенно не умеющий решить ни одну из поставленных перед ней задач — связь с обществом, выполнение домашнего задания, бытие лучшей из лучшей или хотя бы не хуже чем все.

И в тот момент, когда Катя, совершенно запутавшись в клубке собственных нервов задает вопрос «Быть или не быть» на ее пути встречается Кикимора. Очень может быть, та самая, которая эти нити переплела.

Рекомендуется для просмотра с родителями с 14 лет.",Тюменский драматический театр
96,Жанна,"Режиссер Роман Габриа о спектакле: Поэму в стихах «Жанна» о давно интересовавшей меня Жанне д’Арк, я написал непосредственно в стенах ТБДТ во время пандемии в 2020 году. Для меня большая радость поставить этот спектакль именно в Тюменском Большом драматическом театре, с которым у меня связано огромное количество минут настоящего творческого счастья.

Жанна — давно уже миф о «деве Орлеанской», загадка жизни и смерти которой будет бесконечно волновать все виды искусств. Наша Жанна живет в мульти-времени, как будто запертая в сюжете собственной судьбы. Попытки выбраться из которой превращаются в театр, в поэзию, в монолог.

Сцена «Молодость» в ТБДТ — это в первую очередь возможностью поэкспериментировать в области актёрского существования. Предыдущий мой спектакль о сумасшедшем художнике Винсенте Ван Гоге с Александром Тихоновым в главной роли — это замечательный опыт такого поиска. Спектакль любят за его непосредственность и концентрат искусства актёра.

Надеюсь, что история о нашей Жанне станет так же интересна для тюменского зрителя.",Тюменский драматический театр
97,Предсказано словом моим,"Анна Ахматова и Марина Цветаева — два гениальных поэта, до которых пока не дано было подняться ни одному женскому имени в русской литературе. Но какую цену они заплатили за свой творческий дар? И почему этих людей так много связывает, хотя в жизни они виделись всего один раз?

Спектакль о творчестве А. Ахматовой и М. Цветаевой, о противоречивости каждой из них, об их жизни и их взаимоотношениях.

Зрителю представят, в первую очередь, не поэтов, а женщин, которые несли свой талант и одаренность через всю свою сложную и неоднозначную жизнь. Несли, как знамя, а, возможно, и как крест…",Дворец культуры «Нефтяник»
98,Пугачёв,"Историческая музыкальная драма в двух действиях.

Пьеса Ольги Погодиной-Кузминой по мотивам повести А. С. Пушкина «Капитанская дочка».

«Предать молчанию и забвению» само имя Емельяна Пугачёва и вычеркнуть страшный бунт из русской истории — так повелела императрица Екатерина II. И приказ был исполнен — на долгие годы свидетельства и документы о масштабном восстании 1773–1775 годов были надежно спрятаны в архивах и засекречены.

Даже Пушкин не получил доступа к протоколам допросов пугачевских соратников. Он исследовал отголоски бунта спустя 60 лет, когда в окрестностях Оренбурга ещё живы были свидетели трагических событий и прямые их потомки. Их рассказы, а также разрозненные письма, указы и воззвания послужили основой для истории молодого офицера Петра Гринёва, его соперника Алексея Швабрина и его невесты Марии Мироновой.

Переосмысляя пушкинскую повесть, дополняя историческим контекстом и архивными источниками, авторы спектакля «Пугачёв» задаются вопросами о причинах и последствиях «беспощадного русского бунта». Музыкальные номера, спецэффекты, визуальные парадоксы по-новому открывают знакомый сюжет, в котором каждый найдет ответы на вечные вопросы о добре и зле, и перекличку с сегодняшним днём.

«Пугачёв» — это яркий, фантастический, немного безумный образ, воплотивший русскую душу во всём её противоречии.",Тюменский драматический театр
99,Игрушки,"Милые уху, родные строчки стихов Агнии Барто превращают детство любого ребёнка в тёплый уютный мир, где есть помощь и поддержка, где есть ласковое слово и ободрение первых шагов, поступков. Агния Львовна родилась 4 февраля, к 110-летию этого события мы решили поставить спектакль, отправной точкой которого стали её знаменитые «Наша Таня громко плачет», «Идёт бычок качается» и другие стихи «энциклопедии» нескольких поколений.

В игровой форме юные спасатели Саша и Маша прочтут вместе со зрителями самые известные стихи и помогут малышам научиться ценить дружбу на примере помощи любимым игрушкам.

Рекомендуем для посещения с детьми от 2 лет.",Музейный комплекс им. Словцова
100,Песнь леса,"Удар. Пульс. Сердце. Ритмы барабанов, словно голоса Великого Леса будоражат нас и раскрывают тайну Жизни. Тайну Рождения и Смерти. Тайну лесной Вселенной. Путь Бемби- это первый шаг с мамой, первая потеря и первая любовь. Эта добрая история воспитывает сердце, пробуждает трепетное отношение ко всему живому. Временами история жёсткая, как и законы природы, когда выживает сильнейший, временами — страшная, когда приходит он, Человек. Охотник–несущий смерть и разрушение.

Сама железная Вселенная — гармонична и красива. Законы ее мудры. Здесь важное место занимает Дружба, Любовь, Материнство, Знания.

«Умей слушать, умей чуять, умей смотреть. Умей сам познавать жизнь. Будь счастлив,» — такой простой и вместе с тем сложный совет получает Бемби от Старого Вожака. Удар. Пульс. Сердце. И перед нами раскрывается тайна благородного и великого мира.",Театр кукол
101,Маленькие трагедии,"«Маленькие трагедии» — цикл коротких драматических пьес А. С. Пушкина, написанный им в 1830–1832 годах в Болдине. Он состоит из четырёх произведений: «Скупой рыцарь», «Моцарт и Сальери», «Каменный гость» и «Пир во время чумы».

Пушкин размышляет в них о человеческих пороках и игре с судьбой, сводит счёты с отцом и решает вопрос о том, совместимы ли гений и злодейство. Это одноактные пьесы в стихах, действие которых происходит в Западной Европе в разные времена. В основе сюжета трёх пьес («Каменный гость», «Скупой рыцарь», «Моцарт и Сальери») человеческие страсти (любовь, ревность, скупость, зависть) и их драматические проявления; тема четвёртой, «Пира во время чумы», — глобальная катастрофа, которая мыслится как расплата или испытание.

В спектакль «Маленькие трагедии» по мотивам пьес Александра Пушкина в одном действии войдут «Моцарт и Сальери», «Каменный гость» и «Пир во время чумы».",Тюменский драматический театр
102,Вот как бывает!,"Спектакль «Вот так бывает!» по рассказам Михаила Зощенко — это озорное действо, в котором герои сталкиваются с различными трудностями своей жизни, преодолевая их с самоиронией и юмором.

В спектакле представлены истории из жизни обычных людей, в которых каждый зритель может узнать себя или своих знакомых.

Актёры заразительно и весело передают атмосферу того времени, делая рассказы актуальными и близкими современному зрителю.

Музыкальное сопровождение и танцевальные номера, добавляя спектаклю комичность и живость, усиливают образ эпохи, в которой жили персонажи рассказов «Обезьяний язык», «Сила таланта», «Петухов», «Случай в больнице», «История болезни», «Нервные люди» и «Кинодрама».",Дворец культуры «Нефтяник»
103,Красная Шапочка,"Эта история очень необычная. Как, впрочем, и то, что ее рассказывают два лесоруба. Лесорубы веселые, но по характеру абсолютно разные. Один очень любит трудиться, усердно выполняет свою работу, второму же только бы найти причину не работать.

Спросите, а при чем тут лесорубы? При том! Ведь они не только расскажут историю о Красной Шапочке, но и покажут, а еще вместе со зрителями спасут ее от Волка. Эта история закончится благополучно и вкусно. Да-да. Именно вкусно! Ведь бабушка в сказке тоже необычная, она напекла всем пирожки!",Музейный комплекс им. Словцова
104,Дон Кихот,"Московский государственный театр «Русский балет» представляет постановку балета Людвига Минкуса «Дон Кихот». Творение великих балетмейстеров Мариуса Петипа и Александра Горского предстанет перед зрителями в новой редакции и режиссуре народного артиста СССР Вячеслава Гордеева, в свое время блистательно исполнявшего партию главного героя балета — цирюльника Базиля на сцене Большого театра Большой знаток классики, Гордеев-балетмейстер сохранил в хореографической ткани спектакля золотые страницы творчества Петипа и Горского.

При этом он придал спектаклю новый сценографический облик. Балет заиграл новыми красками, стал динамичнее и понятней по сюжету. В музыкальную ткань постановки вошли страницы, которые в партитуре «Дон Кихота» никогда не звучали. Нотный материал предоставлен венским обществом Людвига Минкуса. Главные герои — Дон Кихот и Санчо Панса теперь не просто комедийно-драматические герои — они приобрели танцевальные партии. В спектакле появятся новые персонажи, например, Алонсо Кихано (молодой Дон Кихот), монахиня Жуанна, племянница Дон Кихота. Впервые зрители увидят дуэтные фрагменты и вариация Алонсо Кихано в испанском стиле и другие виртуозные соло главных героев — исключительное авторство Гордеева.

По словам художественного руководителя «Русского балета» Вячеслава Гордеева, «Дон Кихот» — балет-праздник, соединяет изящную веселую музыку, сложнейшую хореографическую технику, красочные декорации, яркие костюмы. Он полон любви, юмора и веселья. Зритель получит заряд позитивных эмоций, хорошее настроение, а артисты, демонстрируя свое виртуозное мастерство, смогут блеснуть во всей красе«. Эксклюзивом театра «Русский балет» новый «Дон Кихот» стал и благодаря оригинальному оформлению известных театральных художников Игоря Нежного (декорации) и Татьяны Тулубьевой (костюмы). Декорации и костюмы получились не просто удачными, они удивят своей красотой даже бывалых театралов.",Филармония
105,Сказки Сороки-белобоки. Рукавичка,"Простой и понятный ребенку сюжет сказки разыграет для малышей с детства всем знакомая Сорока-белобока.

Спектакль насыщен многочисленными русскими народными закличками, потешками и пестушками: «Водичка-водичка, умой мое личико», «Дождик, дождик, пуще, будет хлеба гуще», «Потягунюшки-порастунюшки», «Солнышко-колоколнышко». Разумеется, все родители знают, какая великая сила заключена в этих простых и незатейливых словах.

Одна из первых сказок, с которыми знакомятся малыши, на этот раз превратится в театральный спектакль, который поможет ребенку открыть для себя новый мир театра.",Музейный комплекс им. Словцова
106,Бармалей,"Сказочная история по одноименному произведению К. Чуковского раскроется для маленького зрителя совсем с другой стороны. В нашей истории родители говорят с детьми на одном языке, вместе отправляются с ними в Африку и спасают доктора Айболита.",Молодёжный театр «Ангажемент»
107,Первый снег,"Зимний нежный спектакль о зиме и о зимних чудесах

Что происходит в спектакле? Мы играем со зрителями настоящими музыкальными снежками, появляется Белка, она собирает орешки — запасы на зиму. Белка убегает в зимний лес. В волшебных чемоданах — настоящее песочное шоу, в нем участвуют все дети! На маленьком катке катаются пара фигуристов, а мы ловим холодные ночные звёзды и любуемся на Луну. Все пойманные звёзды превращаются в подарки. Начинается настоящая метель и мы все вместе строим снеговиков! Убежавшая белка возвращается, чтобы поиграть с детьми.

Рекомендуем для детей от 10 месяцев до 4-х лет!",Музейный комплекс им. Словцова
108,Первый снег,"Зимний нежный спектакль о зиме и о зимних чудесах

Что происходит в спектакле? Мы играем со зрителями настоящими музыкальными снежками, появляется Белка, она собирает орешки — запасы на зиму. Белка убегает в зимний лес. В волшебных чемоданах — настоящее песочное шоу, в нем участвуют все дети! На маленьком катке катаются пара фигуристов, а мы ловим холодные ночные звёзды и любуемся на Луну. Все пойманные звёзды превращаются в подарки. Начинается настоящая метель и мы все вместе строим снеговиков! Убежавшая белка возвращается, чтобы поиграть с детьми.

Рекомендуем для детей от 10 месяцев до 4-х лет!",Музейный комплекс им. Словцова
109,Две королевы,Драма в двух действиях по пьесе Фридриха Шиллера «Мария Стюарт»,Тюменский драматический театр
110,"Ромка, Фомка и Артос","Герои нашего спектакля живут в Тюмени! Не может быть? Ещё как может! Сказку о верных друзьях — собаках Ромке, Фомке и Артосе придумал известный тюменский писатель Константин Лагунов.

Жили-поживали друзья весело, а потом хозяин Ромки Рамазана собрался на Север... И Ромка решил отправиться за ним! Как Фомке и Артосу друга одного в трудный путь отпустить? «Один за всех, и все за одного!» Верные девизу отважных мушкетёров неразлучные друзья отправляются в необычайное путешествие. А какое же путешествие без неожиданных встреч и трудностей? Ромка, Фомка и Артос справятся с любыми препятствиями! Главное не вешать нос и всегда выручать друг друга!

Приключения весёлых друзей не оставят равнодушными ни малышей, ни взрослых! А музыка и песни, что звучат в спектакле, обязательно поднимут настроение!",Музейный комплекс им. Словцова
111,Мюзикл-шоу. «Нотр-Дам де Пари» и «Ромео и Джульетта»,"Мюзикл-шоу — это яркая, динамичная, костюмированная и театрализованная программа в потрясающем «живом» исполнении звёзд первого состава оригинальных мюзиклов.

«Я душу дьяволу продам за ночь с тобой» — и можно больше ничего не говорить. За последние 10 лет эта фраза стала культовой. Она олицетворяет собой целый период в истории современной Российской культуры: эпоху музыкального театра, эпоху мюзикла. Жанр мюзикла уверенно завоёвывает популярность в России. Москва и Санкт-Петербург становятся «русским Бродвеем» — в обеих столицах сейчас идут около десятка громких проектов.

Наши артисты знакомы зрителям по мюзиклам «Нотр Дам де Пари», «Ромео и Джульетта», «Кабаре», «Три мушкетера», «Монте Кристо», «Маммамия», «Метро» и другие. Мы создали программу «Мюзикл-шоу» для того, чтобы у зрителей появилась уникальная возможность познакомиться с обширным наследием мирового музыкального театра, а также услышать любимые арии (Belle, «Короли ночной Вероны» и другие) в великолепном «живом» исполнении признанных звёзд московских мюзиклов.

В нашем мюзикл-шоу не просто звучат арии из знаменитых мюзиклов, а демонстрируются отрывки из спектаклей, которые связаны между собой в единую историю интересным конферансом. Первое отделение — это легендарная история «Нотр Дам де Пари», а второе отделение — история Ромео и Джульетты. Две потрясающие истории в одной программе. Только «живое» исполнение!

Вы совершите увлекательное путешествие в удивительный мир мюзикла, насладитесь великолепными голосами. В нашем шоу собрано всё самое лучшее из золотой коллекции мюзиклов, снискавших себе мировую славу.

В составе исполнителей возможны изменения без дополнительного уведомления.",ДК «Железнодорожник»
113,Девичник по Червишевским деревням,"Сначала вы проникнитесь деревенским духом, услышите истории и легенды из уст поэта Сергея Политова, увидите тот самый деревянный храм, сохранившийся до наших дней, познакомитесь с будоражащей сознание историей старообрядцев и сибирских татар., в древнем колодце наберете живительной водицы а место силы на полнит вас энергией и духом деревенской жизни.

А сколько фотозон приготовили для вас и мы и эти окрестности, фотографировать не перефотографировать.

Дегустации и чаепитие с традиционными никого не оставят равнодушными.

Ну и какой девичник без гаданий и обрядовых игр.

В стоимость входит:
— Трансфер;
— Экскурсионное сопровождение;
— Чаепитие с пирогом.

Место сбора группы: отель Vostok.",Остановка наземного транспорта «Гостиница Восток»
114,Шесть блюд из одной курицы,"Авантюрная комедия по пьесе Ганны Слуцки, автора сценариев более чем 25 фильмов, среди которых «Каникулы у моря», «Три полуграции», и других. Очень смешная, современная и, где-то, трогательная история о Матери-миллионерше, выбирающей подругу жизни для своего отпрыска, большого уже «мальчика», и о сыне, снисходительно относящемся к причудам и попечениям матери, о призраке грядущего банкротства и о любви.",Молодёжный театр «Ангажемент»
115,Струнное трио Lumos,"Фестиваль камерной музыки им. Ары Грачиковича Богданяна.

Фестиваль камерной музыки носит имя выдающегося музыканта, преподавателя по классу скрипки, заслуженного деятеля искусств РФ, профессора кафедры скрипки Московской государственной консерватории им. Чайковского Ары Грачиковича Богданяна, внесшего огромный вклад в развитие отечественной педагогики и исполнительского искусства.

I фестиваль посвящён исполнительскому искусству игры на скрипке — инструменту, являющемуся основой камерного ансамбля.

Ансамбль солистов Лундстрем Трио.
В составе:
Мария Воскресенская — фортепиано;
Леонид Лундстрем — скрипка;
Владимир Нор — виолончель.

Программа «Два взгляда на русскую историю»:
Шостакович — Трио № 2 ор. 67 ми минор;
Шебалин — Трио ля мажор.

Продолжительность концерта — 1 час 30 минут с антрактом.
Читать полностью",Филармония
116,Духи контакта,"Общение в социальной сети — штука вроде бы ни к чему не обязывающая, но чрезвычайно увлекательная. В виртуале Катя знакомится с Игорем и влюбляется в него. Потом, когда ей вдруг кажется, что Игорь не оказывает ей должного внимания, переключается на Стаса. Её новый цифровой парень оказывается гораздо отзывчивее и даже предлагает 14 летней девчонке путешествие в весьма отдалённых от города посёлок. Повесть Екатерины Каретниковой «Вирта» размышляет о разнице между цифровой реальностью и окружающим миром.
Читать полностью",Молодёжный театр «Ангажемент»
